doubleunders, 0.54
situps, 2.66
pullups, 1.7128923250841381
pushups, 2.093317110489171
squats, 2.0933171104329653
pistols, 2.9306439546061513
handstand pushups, 1.0000351155352838
